{
  "Name": "2.hierarquia",
  "CreationDate": "2025-6-24",
  "Commands": [
    {
      "Command": "comment",
      "Target": "Macro para posicionar unidades na Hierarquia do SEI",
      "Value": "PONTO DE PARTIDA: Sistema SIP, menu \"Hierarquias\" > \"Montar\" > Hierarquia \"SEI\" > \"Pesquisar\"",
      "Description": "Recomendação: no log, exibir a opção \"Echo & Status\" Não deixe de conferir a documentação de referência."
    },
    {
      "Command": "csvReadArray",
      "Target": "exemploUnidades.csv",
      "Value": "unidades",
      "Description": "É a ação por meio da qual a Macro obtém os dados das unidades para cadastramento na hierarquia do SEI."
    },
    {
      "Command": "store",
      "Target": "1",
      "Value": "i",
      "Description": "IMPORTANTE: Este comando indica A PARTIR DE QUAL LINHA do arquivo de referência a macro vai ser executada (e, dela, vai até o final) Se necessário retomar a execução a partir de um erro, altere este valor para a linha da qual pretende retomar."
    },
    {
      "Command": "store",
      "Target": "${i}",
      "Value": "linhaInicial",
      "Description": "Salva a linha inicial para calcular o progresso da execução."
    },
    {
      "Command": "executeScript_Sandbox",
      "Target": "return Number(${unidades}.length) - 1;",
      "Value": "totalLinhas",
      "Description": "Este comando obtém a quantidade de linhas da lista que foi importada do arquivo CSV."
    },
    {
      "Command": "executeScript_Sandbox",
      "Target": "var d = new Date(); return d.getTime()",
      "Value": "tempoInicio",
      "Description": "Registra o momento inicial da execução."
    },
    {
      "Command": "store",
      "Target": "0",
      "Value": "ok",
      "Description": "Este comando gera a variável que armazenará a quantidade de execuções bem-sucedidas da macro."
    },
    {
      "Command": "store",
      "Target": "0",
      "Value": "falha",
      "Description": "Este comando gera a variável que armazenará a quantidade de execuções mal-sucedidas da macro. (Erros no sistema, não no próprio UI.Vision)"
    },
    {
      "Command": "echo",
      "Target": "🧮 Iniciando processamento pela linha ${i}, de um total de ${totalLinhas}.",
      "Value": "",
      "Description": "Informa no log o ponto de partida."
    },
    {
      "Command": "while_v2",
      "Target": "${i} <= ${totalLinhas}",
      "Value": "",
      "Description": "O comando \"while\" indica que a macro deve executar uma determinada ação enquanto uma condição específica não for satisfeita. A ação é retomar o cadastro da próxima linha e a condição, aqui, é que o valor da linha em execução tem que ser inferior ao total de linhas."
    },
    {
      "Command": "echo",
      "Target": "🔁 Processando linha ${i}: ${unidades[${i}][2]} (${unidades[${i}][1]})",
      "Value": "blue",
      "Description": "Exibe no log qual unidade está sendo cadastrada na hierarquia."
    },
    {
      "Command": "executeScript_Sandbox",
      "Target": "var atual = Number(${i}) - Number(${linhaInicial}); var total = Number(${totalLinhas}) - Number(${linhaInicial}) + 1; return Math.floor((atual / total) * 100);",
      "Value": "progresso",
      "Description": "Calcula o progresso relativo, de 0 a 100%."
    },
    {
      "Command": "executeScript_Sandbox",
      "Target": "var d = new Date(); return d.getTime()",
      "Value": "tempoAtual",
      "Description": "Registra o momento de início de cada iteração da macro."
    },
    {
      "Command": "executeScript_Sandbox",
      "Target": "return (${tempoAtual} - ${tempoInicio}) / (Number(${i}) + 1);",
      "Value": "tempoPorLinha",
      "Description": "Estima o tempo gasto em cada linha da macro."
    },
    {
      "Command": "executeScript_Sandbox",
      "Target": "var tempoEstimado = (Number(${totalLinhas}) - Number(${i})) * Number(${tempoPorLinha}); var min = Math.floor(tempoEstimado / 60000); var seg = Math.round((tempoEstimado % 60000) / 1000); var texto = '~ '; if (min > 0) texto += min + ' minuto' + (min != 1 ? 's' : ''); if (seg > 0 || min == 0) texto += (min > 0 ? ' ' : '') + seg + ' segundo' + (seg != 1 ? 's' : ''); return texto.trim();",
      "Value": "estimativa",
      "Description": "Calcula a estimativa de tempo restante em formato humanizado, considerando minutos e segundos com pluralização."
    },
    {
      "Command": "if_v2",
      "Target": "${i} > 3",
      "Value": "",
      "Description": "Cria uma condicionante para exibir o tempo restante estimado apenas a partir da 4ª execução, quando a estimativa estará mais precisa."
    },
    {
      "Command": "echo",
      "Target": "📈 Progresso: ${progresso}% | ⏳ Tempo restante estimado: ${estimativa}",
      "Value": "blue",
      "Description": "Conforme condicional acima, exibe o progresso e o tempo restante estimado."
    },
    {
      "Command": "else",
      "Target": "",
      "Value": "",
      "Description": "Caso contrário,"
    },
    {
      "Command": "echo",
      "Target": "📈 Progresso: ${progresso}%",
      "Value": "blue",
      "Description": "exibe (nas primeiras 3 linhas) apenas o progresso."
    },
    {
      "Command": "end",
      "Target": "",
      "Value": "",
      "Description": "encerra essa condicionante \"if\" (linha 16)."
    },
    {
      "Command": "clickAndWait",
      "Target": "id=btnNova",
      "Value": "",
      "Description": "É o clique no botão \"Adicionar Unidade\"."
    },
    {
      "Command": "selectAndWait",
      "Target": "id=selOrgao",
      "Value": "label=${unidades[${i}][1]}",
      "Description": "É a seleção do órgão, com base na primeira coluna do arquivo CSV."
    },
    {
      "Command": "selectAndWait",
      "Target": "id=selUnidade",
      "Value": "label=${unidades[${i}][2]}",
      "Targets": [
        "id=selUnidade",
        "name=selUnidade",
        "xpath=//*[@id=\"selUnidade\"]",
        "xpath=//select[@id='selUnidade']",
        "xpath=//div[6]/select",
        "css=#selUnidade"
      ],
      "Description": "É a seleção da unidade que será incluída na hierarquia, com base na segunda coluna do CSV."
    },
    {
      "Command": "if_v2",
      "Target": "${unidades[${i}][4]} == \"\"",
      "Value": "",
      "Description": "Validação para identificar que a unidade em questão não tem unidade superior na hierarquia. Logo, se trata de uma unidade \"raiz\"."
    },
    {
      "Command": "echo",
      "Target": "📌 ${unidades[${i}][3]} (${unidades[${i}][2]}) identificada como unidade raiz.",
      "Value": "blue",
      "Description": "Se sim, a Macro informa ao cadastrador que se trata de uma unidade raiz (para validação em tempo real)."
    },
    {
      "Command": "check",
      "Target": "id=chkRaiz",
      "Value": "on",
      "Description": "E, em seguida, marca a chechbox \"Raiz\" no SIP."
    },
    {
      "Command": "else",
      "Target": "",
      "Value": "",
      "Description": "Caso contrário,"
    },
    {
      "Command": "uncheck",
      "Target": "id=chkRaiz",
      "Value": "off",
      "Description": "A macro desmarca a checkbox \"raiz\", habilitando o campo para informar a unidade superior na hierarquia."
    },
    {
      "Command": "select",
      "Target": "id=selUnidadeSuperior",
      "Value": "label=${unidades[${i}][4]}",
      "Description": "Aqui é feita a indicação da unidade superior na hierarquia."
    },
    {
      "Command": "echo",
      "Target": "🔗 ${unidades[${i}][3]} (${unidades[${i}][2]}) identificada como subunidade de ${unidades[${i}][4]}.",
      "Value": "blue",
      "Description": "E, então, a Macro retorna para o cadastrador que a unidade foi inserida abaixo desta outra, informada acima."
    },
    {
      "Command": "end",
      "Target": "",
      "Value": "",
      "Description": "(Não é o fim da macro. Este comando é padrão para operações \"if-else\", como a utilizada aqui. Ele indica que se encerra a bifurcação.) "
    },
    {
      "Command": "executeScript_Sandbox",
      "Target": "var d = new Date();var m = ((d.getMonth()+1)<10) ? \"0\" + (d.getMonth()+1):(d.getMonth()+1);var day=d.getDate()<10 ? \"0\" + d.getDate():d.getDate();return day + \"/\" + m + \"/\" + d.getFullYear();",
      "Value": "datahoje",
      "Description": "Este script gera a \"data de hoje\" para preenchimento no campo de início da vigência da hierarquia."
    },
    {
      "Command": "type",
      "Target": "id=txtDataInicio",
      "Value": "${dataHoje}",
      "Description": "E este comando insere no campo correspondente a data de hoje, gerada no script acima."
    },
    {
      "Command": "clickAndWait",
      "Target": "id=sbmSalvar",
      "Value": "",
      "Description": "A macro, então, clica no botão \"Salvar\"."
    },
    {
      "Command": "verifyElementPresent",
      "Target": "id=btnNova",
      "Value": "",
      "Targets": [
        "id=btnNova",
        "xpath=//*[@id=\"btnNova\"]",
        "xpath=//input[@id='btnNova']",
        "xpath=//input[2]",
        "css=#btnNova"
      ],
      "Description": "É a conferência de que o SIP voltou para a tela anterior."
    },
    {
      "Command": "if_v2",
      "Target": "${!StatusOK} == true",
      "Value": "",
      "Description": "Se o SIP - de fato - voltou para a tela inicial..."
    },
    {
      "Command": "executeScript_Sandbox",
      "Target": "return Number(${ok}) + 1;",
      "Value": "ok",
      "Description": "Primeiro, a macro acrescenta + 1 ao valor de \"ok\", ou seja, acrescenta uma execução bem-sucedida à conta."
    },
    {
      "Command": "echo",
      "Target": "✅ Unidade ${unidades[${i}][3]} (${unidades[${i}][2]}) cadastrada na hierarquia com sucesso.",
      "Value": "green",
      "Description": "E por meio desta linha, exibe a mensagem de sucesso no log."
    },
    {
      "Command": "else",
      "Target": "",
      "Value": "",
      "Description": "caso contrário..."
    },
    {
      "Command": "storeText",
      "Target": "id=divInfraMensagens",
      "Value": "mensagemErro",
      "Description": "em seguida, acrescenta + 1 ao valor de \"falha\", ou seja, acrescenta uma execução malsucedida à conta..."
    },
    {
      "Command": "executeScript_Sandbox",
      "Target": "return Number(${falha}) + 1;",
      "Value": "falha",
      "Description": "em seguida, acrescenta + 1 ao valor de \"falha\", ou seja, acrescenta uma execução malsucedida à conta..."
    },
    {
      "Command": "echo",
      "Target": "❌ Falha ao cadastrar a unidade ${unidades[${i}][3]} (${unidades[${i}][2]}) na hierarquia. Erro: \"${mensagemErro}\"",
      "Value": "red",
      "Description": "E, então, por meio desta linha, exibe a mensagem de falha no log."
    },
    {
      "Command": "clickAndWait",
      "Target": "id=btnCancelar",
      "Value": "",
      "Description": "Este clique no botão \"Cancelar\" permite à macro retornar à tela anterior para retomar o cadastro."
    },
    {
      "Command": "end",
      "Target": "",
      "Value": "",
      "Description": "(Não é o fim da macro. Este comando é padrão para operações \"if-else\", como a utilizada aqui. Ele indica que se encerra uma bifurcação. Este é o \"end\" do \"if\" da linha 25 da macro.)"
    },
    {
      "Command": "executeScript_Sandbox",
      "Target": "return Number(${i}) + 1;",
      "Value": "i",
      "Description": "Esta linha acrescenta + 1 ao valor de \"i\", que corresponde à linha a ser lida pela macro até chegar ao valor máximo. Ou seja, este é o comando que faz as iterações se repetirem enquanto houver dados a cadastrar."
    },
    {
      "Command": "end",
      "Target": "",
      "Value": "",
      "Description": "(Não é o fim da macro. Este comando é padrão para operações \"if-else\", como a utilizada aqui. Ele indica que se encerra uma bifurcação. Este é o \"end\" do \"while\" da linha 8 da macro.)"
    },
    {
      "Command": "executeScript_Sandbox",
      "Target": "return Number(${ok}) + Number(${falha});",
      "Value": "total",
      "Description": "Esta linha acrescenta + 1 ao valor de \"i\", que corresponde à linha a ser lida pela macro até chegar ao valor máximo. Ou seja, este é o comando que faz as iterações se repetirem enquanto houver dados a cadastrar."
    },
    {
      "Command": "echo",
      "Target": "🏁 Carga finalizada: ${total} registros processados, sendo ${ok} com sucesso e ${falha} com erro.",
      "Value": "",
      "Description": "E, por fim, esta linha relata - ao final da execução da macro - quantos registros foram processados, quantos com sucesso e quantos com erro."
    }
  ]
}
