0.Index,1.orgao,2.sigla,3.nome,4.nomeSocial,5.cpf,6.emailInstitucional,7.unidadePrimeiraPermissao,8.perfilPrimeiraPermissao
1,SENAPE,leocadio.macambira,Leocádio Macambira,,118.229.998-98,leocadio.macambira@senape.gov.br,GAB,Básico
2,SENAPE,tertuliano.gongora,Tertuliano Gongora,,124.039.082-31,tertuliano.gongora@senape.gov.br,DINF,Básico
3,SENAPE,belarmina.batatinha,Belarmina Batatinha,,147.551.240-69,belarmina.batatinha@senape.gov.br,DMAT,Colaborador (Básico sem Assinatura)
4,SENAPE,raimundo.viriato,Raimundo Nonato Viriato,,836.508.748-06,raimundo.viriato@senape.gov.br,CGRH,Colaborador (Básico sem Assinatura)
5,SENAPE,ursula.trigueirinho,Úrsula Trigueirinho,,065.697.139-81,ursula.trigueirinho@senape.gov.br,NORM,Básico
6,SENAPE,inocencio.galhardo,Inocênio Galhardo,,881.174.108-42,inocencio.galhardo@senape.gov.br,SDOC,Básico
7,SENAPE,querubina.espinosa,Querubina Espinosa,,849.924.536-60,querubina.espinosa@senape.gov.br,NTIC,Básico
8,SENAPE,dionisia.barraginha,Dionísia Barraginha,,900.079.227-44,dionisia.barraginha@senape.gov.br,DGP,Básico
9,SENAPE,jocelina.pedregulho,Jocelina Pedregulho,,852.721.021-50,jocelina.pedregulho@senape.gov.br,DCON,Básico
10,SENAPE,cipriano.xavier,Cipriano Xavier de Almeida,,251.749.928-44,cipriano.xavier@senape.gov.br,DCON,Básico
11,SENAPE,norberto.camarinha,Norberto Camarinha,Zildette Brazil,951.628.492-27,zildette.brazil@senape.gov.br,CGTI,Colaborador (Básico sem Assinatura)
12,SENAPE,virgulino.beringela,Virgulino Beringela,,321.124.828-58,virgulino.beringela@senape.gov.br,CGFIN,Básico
13,SENAPE,hemengarda.quaresmeira,Hemengarda Quaresmeira,,336.202.881-00,hemengarda.quaresmeira@senape.gov.br,CGJUR,Colaborador (Básico sem Assinatura)
14,SENAPE,sebastiana.fagundes,Sebastiana Fagundes,,644.042.918-33,sebastiana.fagundes@senape.gov.br,CGPL,Básico
15,SENAPE,aparicio.caramuru,Aparício Caramuru,,951.190.527-97,aparicio.caramuru@senape.gov.br,SECO,Básico
16,SENAPE,eustaquio.sapopemba,Eustáquio Sapopemba,,188.649.230-12,eustaquio.sapopemba@senape.gov.br,SETI,Básico
17,SENAPE,ubaldo.garrincha,Ubaldo Garrincha,,073.524.764-15,ubaldo.garrincha@senape.gov.br,SETC,Colaborador (Básico sem Assinatura)
18,SENAPE,waldemira.catunda,Waldemira Catunda,,388.632.769-86,waldemira.catunda@senape.gov.br,SG,Básico
19,SENAPE,genoveva.montenegro,Genoveva Montenegro,,931.047.073-91,genoveva.montenegro@senape.gov.br,SEOR,Básico
20,SENAPE,madalena.assombracao,Madalena Assombração,,586.632.848-88,madalena.assombracao@senape.gov.br,SEAD,Básico
21,SENAPE,osvalda.anzois,Osvalda dos Anzóis,,305.651.755-99,osvalda.anzois@senape.gov.br,SDOC,Básico
22,SENAPE,praxedes.furquim,Praxedes Furquim,,302.612.775-29,praxedes.furquim@senape.gov.br,SENAPE_CGECO,Básico
23,SENAPE,feliciana.travassos,Feliciana Travassos,,174.402.002-76,feliciana.travassos@senape.gov.br,SEPE,Básico
24,SENAPE,zacarias.jatoba,Zacarias Jatobá,,750.860.800-37,zacarias.jatoba@senape.gov.br,GAB,Colaborador (Básico sem Assinatura)
25,SENAPE,adroaldo.tamborete,Adroaldo Tamborete,,608.053.040-61,adroaldo.tamborete@senape.gov.br,NTIC,Básico